,LeadNumber,Score
0,615582,99.02329444885254
1,588939,99.01672601699829
2,621242,98.96194338798523
3,589803,98.95366430282593
4,651441,98.89911413192749
5,650484,98.8946259021759
6,657038,98.87181520462036
7,649329,98.8665223121643
8,587559,98.790842294693
9,643897,98.78134727478027
10,588006,98.76400828361511
11,590832,98.75963926315308
12,611150,98.72416257858276
13,583035,98.7022340297699
14,632641,98.6858606338501
15,641626,98.6842930316925
16,602557,98.65816831588745
17,655091,98.64563941955566
18,660153,98.63842129707336
19,654026,98.53713512420654
20,588209,98.5342025756836
21,653637,98.5342025756836
22,581416,98.51089119911194
23,631460,98.48825335502625
24,597178,98.48825335502625
25,610523,98.48825335502625
26,643289,98.44245910644531
27,638626,98.41815233230591
28,631375,98.37462902069092
29,587105,98.37090969085693
30,625785,98.32022786140442
31,643901,98.28718900680542
32,598588,98.26462268829346
33,643746,98.24792146682739
34,628034,98.24792146682739
35,613774,98.23883175849915
36,628482,98.22090268135071
37,653998,98.19990396499634
38,610985,98.19478988647461
39,608819,98.18432927131653
40,607345,98.17692041397095
41,642403,98.16530346870422
42,612830,98.12464118003845
43,597266,98.10996651649475
44,652559,98.03425669670105
45,602259,97.99906015396118
46,643936,97.99906015396118
47,595645,97.99906015396118
48,637904,97.99906015396118
49,607674,97.99285531044006
50,606383,97.95745015144348
51,590318,97.95745015144348
52,586917,97.92298674583435
53,640652,97.92298674583435
54,652828,97.92298674583435
55,587667,97.92298674583435
56,601563,97.92298674583435
57,656586,97.92298674583435
58,629803,97.92240262031555
59,616664,97.92240262031555
60,606653,97.88296222686768
61,644988,97.87508249282837
62,636112,97.86880016326904
63,585411,97.79371619224548
64,653924,97.78539538383484
65,627538,97.78539538383484
66,582904,97.78539538383484
67,608663,97.74209856987
68,589653,97.72570133209229
69,608687,97.72570133209229
70,652707,97.72570133209229
71,595253,97.72570133209229
72,583405,97.61962890625
73,608896,97.61558771133423
74,640590,97.61558771133423
75,583824,97.61324524879456
76,609951,97.56669402122498
77,603582,97.5191593170166
78,609677,97.51328825950623
79,600013,97.40431904792786
80,580290,97.37793803215027
81,606658,97.3492681980133
82,599548,97.21864461898804
83,613378,97.20864295959473
84,626092,97.0612645149231
85,652441,97.02239632606506
86,632455,96.9267189502716
87,583526,96.90385460853577
88,640629,96.86190485954285
89,599331,96.83961868286133
90,603777,96.82928919792175
91,652525,96.82612419128418
92,650681,96.8072772026062
93,624673,96.77196145057678
94,657031,96.75889015197754
95,659182,96.75307869911194
96,635825,96.67717814445496
97,611906,96.63838744163513
98,632041,96.63838744163513
99,624439,96.58845663070679
100,584061,96.56298160552979
101,630339,96.53615951538086
102,627749,96.51784300804138
103,596424,96.50120139122009
104,645377,96.43920660018921
105,659708,96.36573195457458
106,588064,96.33410573005676
107,659727,96.29644751548767
108,642963,96.27978205680847
109,607344,96.21526598930359
110,650087,96.16918563842773
111,645530,96.16918563842773
112,620628,96.16918563842773
113,585427,96.16698622703552
114,659287,96.16698622703552
115,588879,96.16698622703552
116,582385,96.16698622703552
117,635898,96.16698622703552
118,604494,96.16698622703552
119,642098,96.16698622703552
120,584063,96.16698622703552
121,585120,96.16698622703552
122,584779,96.16698622703552
123,628845,96.16698622703552
124,634981,96.16698622703552
125,636120,96.16698622703552
126,582195,96.16698622703552
127,602801,96.16698622703552
128,594377,96.16698622703552
129,616725,96.16698622703552
130,636280,96.16698622703552
131,580453,96.16698622703552
132,603728,96.16698622703552
133,580549,96.16698622703552
134,596454,96.16698622703552
135,620137,96.14550471305847
136,614566,96.1017370223999
137,605065,96.0985004901886
138,632364,96.05498909950256
139,580865,96.01233005523682
140,615737,96.01041078567505
141,659582,95.97584009170532
142,607837,95.93591690063477
143,593857,95.93591690063477
144,612548,95.86279392242432
145,591807,95.81445455551147
146,623925,95.77566385269165
147,607795,95.66026329994202
148,608529,95.54991722106934
149,589033,95.52533626556396
150,584023,95.49365639686584
151,594367,95.30370235443115
152,649378,95.17984390258789
153,634817,95.10979652404785
154,630083,95.0188159942627
155,593860,94.98875737190247
156,581639,94.92806792259216
157,617860,94.90757584571838
158,596845,94.90339756011963
159,602848,94.82795596122742
160,618419,94.72702741622925
161,646001,94.6902334690094
162,607697,94.51090097427368
163,593985,94.4955825805664
164,627035,94.47910785675049
165,657385,94.46367621421814
166,647939,94.33455467224121
167,598309,94.31231617927551
168,596953,94.28659677505493
169,620454,94.28659677505493
170,587059,94.17663812637329
171,601846,94.12115216255188
172,605175,94.05586123466492
173,581125,94.00432109832764
174,620193,94.00432109832764
175,590623,94.00432109832764
176,607198,94.00432109832764
177,634094,94.00432109832764
178,618729,94.00432109832764
179,642495,93.98110508918762
180,608022,93.98110508918762
181,642522,93.82435083389282
182,580800,93.77458095550537
183,591215,93.77458095550537
184,592892,93.76338720321655
185,637759,93.74072551727295
186,589266,93.69715452194214
187,621318,93.61194968223572
188,607640,93.59749555587769
189,593876,93.5300886631012
190,644246,93.11845898628235
191,634263,93.11845898628235
192,607259,93.11845898628235
193,659437,93.11845898628235
194,579538,93.11845898628235
195,616127,93.11845898628235
196,614655,93.10625195503235
197,646014,93.10625195503235
198,624942,93.07866096496582
199,634271,92.91190505027771
200,597963,92.91162490844727
201,583845,92.86621809005737
202,607141,92.86621809005737
203,613684,92.86621809005737
204,643157,92.86621809005737
205,642553,92.86621809005737
206,593671,92.8447425365448
207,585535,92.72926449775696
208,611560,92.7116334438324
209,634298,92.7116334438324
210,602809,92.69384145736694
211,639620,92.57615804672241
212,616401,92.45805144309998
213,580754,92.43634939193726
214,632196,92.43634939193726
215,605081,92.43634939193726
216,587378,92.39708185195923
217,601484,92.31710433959961
218,654001,92.31345653533936
219,587128,92.30165481567383
220,592101,92.26005673408508
221,597167,92.15257167816162
222,639204,92.09297299385071
223,582192,92.03800559043884
224,605097,92.03800559043884
225,618915,92.03739166259766
226,632178,92.03692674636841
227,608408,92.02541708946228
228,599615,92.02454686164856
229,652569,91.77959561347961
230,614506,91.67140126228333
231,601957,91.63261651992798
232,645265,91.60965085029602
233,597954,91.55728220939636
234,641008,91.55105352401733
235,586139,91.4371132850647
236,652766,91.4371132850647
237,657077,91.4371132850647
238,586638,91.40387773513794
239,621213,91.39167666435242
240,641082,91.28652215003967
241,640027,91.28652215003967
242,620504,91.28063321113586
243,630777,91.27758145332336
244,610294,91.27758145332336
245,601098,91.27758145332336
246,631445,91.13132953643799
247,623366,91.11883044242859
248,617802,91.0066306591034
249,629721,90.99639058113098
250,585484,90.99639058113098
251,643281,90.99639058113098
252,603352,90.99639058113098
253,659631,90.99639058113098
254,655541,90.99639058113098
255,581115,90.89261889457703
256,655036,90.87997674942017
257,657828,90.87997674942017
258,594083,90.77296853065491
259,645441,90.74862599372864
260,590308,90.71642756462097
261,581024,90.69454669952393
262,654415,90.55401682853699
263,654181,90.55307507514954
264,643467,90.51845669746399
265,637445,90.39766788482666
266,601365,90.22690057754517
267,614878,90.20501375198364
268,659562,90.1814877986908
269,614821,90.1814877986908
270,622344,90.1814877986908
271,602617,90.1814877986908
272,590592,90.1814877986908
273,647974,90.1814877986908
274,588401,90.1814877986908
275,590595,90.1814877986908
276,654174,90.1814877986908
277,631255,90.1814877986908
278,621130,90.10385870933533
279,588185,90.09865522384644
280,618581,90.02514481544495
281,598657,90.02514481544495
282,592591,90.02514481544495
283,640127,90.02514481544495
284,602233,90.02514481544495
285,601085,90.02514481544495
286,647212,90.02514481544495
287,653783,90.02514481544495
288,628347,90.00880122184753
289,652549,90.00880122184753
290,631665,90.00880122184753
291,655260,89.94680643081665
292,596069,89.94680643081665
293,612546,89.85326290130615
294,635574,89.81702327728271
295,641265,89.78748917579651
296,608231,89.76166248321533
297,643938,89.73559141159058
298,633143,89.69933986663818
299,646522,89.69413638114929
300,650642,89.67444896697998
301,601804,89.67208862304688
302,627389,89.67208862304688
303,632031,89.67208862304688
304,599955,89.67208862304688
305,587495,89.67208862304688
306,579799,89.67208862304688
307,580911,89.67208862304688
308,591543,89.66031074523926
309,603653,89.58055377006531
310,645169,89.54157829284668
311,583585,89.45616483688354
312,596536,89.36117887496948
313,638028,89.36117887496948
314,635794,89.20374512672424
315,598987,89.1671359539032
316,618430,89.12343382835388
317,580350,89.12343382835388
318,658744,89.0984833240509
319,649426,89.07241225242615
320,609067,89.07241225242615
321,624563,89.07241225242615
322,658178,89.07241225242615
323,633455,89.07241225242615
324,600662,89.07241225242615
325,633828,89.07241225242615
326,619603,89.07241225242615
327,640057,89.07241225242615
328,599576,89.07241225242615
329,623088,89.07241225242615
330,607283,88.98312449455261
331,620751,88.95336389541626
332,640469,88.90843987464905
333,605030,88.84869813919067
334,599976,88.83618116378784
335,637336,88.82719278335571
336,650514,88.82719278335571
337,638374,88.82719278335571
338,619151,88.68175148963928
339,593297,88.67712020874023
340,582614,88.65237832069397
341,649156,88.60979676246643
342,648538,88.60967755317688
343,588589,88.59515190124512
344,659600,88.54531645774841
345,637611,88.29883337020874
346,624575,88.18727135658264
347,656938,88.17439079284668
348,594622,88.16192746162415
349,598742,88.08518052101135
350,641955,87.95559406280518
351,623355,87.7514898777008
352,641212,87.64212131500244
353,607133,87.64212131500244
354,634466,87.64212131500244
355,604384,87.09421157836914
356,582550,86.87822818756104
357,608711,86.87822818756104
358,657611,86.27415895462036
359,630529,85.82212328910828
360,648136,85.65032482147217
361,621583,85.65032482147217
362,608451,85.65032482147217
363,621671,85.65032482147217
364,592425,85.65032482147217
365,652305,85.58286428451538
366,650316,85.42478680610657
367,616421,85.42478680610657
368,601379,85.42478680610657
369,614685,85.42478680610657
370,607266,85.42478680610657
371,589049,85.42478680610657
372,598617,85.42478680610657
373,602755,85.15105247497559
374,589591,85.15105247497559
375,644710,85.15105247497559
376,589021,85.15105247497559
377,598481,85.15105247497559
378,580010,84.57671403884888
379,606186,84.5183789730072
380,604412,84.39304828643799
381,625012,84.39157605171204
382,589404,84.3521773815155
383,614819,84.08945202827454
384,635947,83.92304182052612
385,642439,83.74969363212585
386,611444,83.69640707969666
387,631429,83.55711698532104
388,651289,83.55711698532104
389,587827,83.55711698532104
390,657643,83.55711698532104
391,591717,83.55711698532104
392,630219,83.55711698532104
393,627773,83.55711698532104
394,595902,83.55711698532104
395,606054,83.55711698532104
396,648588,83.55711698532104
397,624343,83.55711698532104
398,641072,83.55711698532104
399,627065,83.55711698532104
400,618506,83.55711698532104
401,622705,83.55711698532104
402,624716,83.55711698532104
403,633484,83.55711698532104
404,587043,83.55711698532104
405,648956,83.55711698532104
406,655429,83.55711698532104
407,647584,83.55711698532104
408,600528,83.55711698532104
409,632278,83.55711698532104
410,596970,83.55711698532104
411,587040,83.55711698532104
412,641925,83.55711698532104
413,631746,83.55711698532104
414,603330,83.55711698532104
415,651725,83.55711698532104
416,635571,83.55711698532104
417,583340,83.55711698532104
418,621044,83.55711698532104
419,630936,83.55711698532104
420,633140,83.27338695526123
421,624434,83.18517804145813
422,643078,83.06330442428589
423,590596,82.56852626800537
424,598753,81.00625872612
425,584822,80.27268648147583
426,612711,80.21183013916016
427,654703,80.18576502799988
428,610865,80.0333559513092
429,615468,79.17238473892212
430,580548,79.15996313095093
431,639297,79.13997769355774
432,649316,78.95181179046631
433,645790,78.79284620285034
434,591823,78.25285792350769
435,601039,77.86723375320435
436,580914,77.33155488967896
437,638674,77.29189395904541
438,582665,76.93079710006714
439,630804,76.721853017807
440,601933,76.22525691986084
441,627146,76.18738412857056
442,599583,76.14637017250061
443,645883,75.21909475326538
444,591657,75.20843148231506
445,615885,74.78741407394409
446,589040,73.83843660354614
447,617711,73.7819254398346
448,580445,73.71605038642883
449,639215,73.5849916934967
450,624747,73.52268695831299
451,629940,73.30089807510376
452,627772,73.30089807510376
453,627364,73.23136925697327
454,647423,73.14426302909851
455,607877,73.05731773376465
456,596198,72.68702983856201
457,594029,72.64293432235718
458,637766,72.64293432235718
459,580262,72.45815396308899
460,644221,72.0197081565857
461,631889,72.0197081565857
462,612038,71.92707657814026
463,624135,71.09480500221252
464,610461,70.90275287628174
465,607984,70.46626806259155
466,625726,70.13348340988159
467,595571,70.0518786907196
468,585394,70.0381338596344
469,633962,70.03251910209656
470,645149,69.99117732048035
471,631819,69.98128890991211
472,620792,69.8648750782013
473,607066,69.8066771030426
474,614961,69.71072554588318
475,625253,69.60498690605164
476,621264,69.15014386177063
477,581759,69.07235980033875
478,604582,69.07235980033875
479,610473,69.07235980033875
480,659438,68.99864673614502
481,654246,68.87608766555786
482,643946,67.78626441955566
483,600595,67.35362410545349
484,582621,67.35362410545349
485,609739,67.16878414154053
486,611186,66.90559387207031
487,654453,66.73715114593506
488,586593,66.57180190086365
489,627771,66.49677157402039
490,581058,65.7401442527771
491,622240,64.94085192680359
492,592031,64.71409797668457
493,588024,64.70664143562317
494,624594,64.61331248283386
495,581301,63.73077630996704
496,656015,63.10962438583374
497,646426,62.99636363983154
498,605681,62.9227876663208
499,597718,62.54668831825256
500,658258,62.54668831825256
501,591098,62.54668831825256
502,583441,62.54668831825256
503,612532,62.54668831825256
504,635601,62.54668831825256
505,630888,62.04381585121155
506,609333,62.04381585121155
507,629371,62.0083749294281
508,589885,61.902397871017456
509,601783,61.03382706642151
510,604622,60.977327823638916
511,582589,60.977327823638916
512,634513,60.851144790649414
513,647299,60.79188585281372
514,580586,60.13340950012207
515,595230,60.02959609031677
516,645305,59.666526317596436
517,595810,59.629833698272705
518,616965,59.629833698272705
519,627153,59.62594151496887
520,644912,59.55994725227356
521,595701,59.55948233604431
522,598828,59.45062041282654
523,584574,59.35389995574951
524,579712,59.32009816169739
525,584908,59.300363063812256
526,643459,59.300363063812256
527,602210,59.298527240753174
528,626664,59.298527240753174
529,657951,59.298527240753174
530,621168,59.22324061393738
531,642443,59.14080739021301
532,581214,59.11285877227783
533,618235,59.101200103759766
534,643228,59.09438133239746
535,600908,59.02618765830994
536,653849,58.91135334968567
537,626514,58.72640013694763
538,603390,58.56515169143677
539,583529,58.56515169143677
540,628453,58.56515169143677
541,579802,58.56515169143677
542,616944,58.513373136520386
543,585361,58.48538279533386
544,625727,58.48538279533386
545,608412,58.48538279533386
546,615009,58.48538279533386
547,616332,58.46599340438843
548,598202,58.11417102813721
549,614480,58.11417102813721
550,616614,58.11417102813721
551,598607,57.74779915809631
552,648423,57.74779915809631
553,656668,57.73664712905884
554,616721,57.67247676849365
555,594024,57.53125548362732
556,615705,57.429057359695435
557,655338,57.3747992515564
558,593665,57.3747992515564
559,590302,57.3747992515564
560,594523,57.3747992515564
561,602419,57.3747992515564
562,639333,57.29180574417114
563,649941,57.263463735580444
564,618476,56.92096948623657
565,582988,56.77659511566162
566,628512,56.75393342971802
567,634356,56.740981340408325
568,610330,56.740981340408325
569,585740,56.740981340408325
570,590108,56.698596477508545
571,622534,56.6693902015686
572,651143,56.49885535240173
573,580614,56.49885535240173
574,593169,56.49885535240173
575,602442,56.29207491874695
576,614186,55.56786060333252
577,619428,55.564647912979126
578,611185,55.564647912979126
579,646276,55.50131797790527
580,596753,55.35194277763367
581,641093,55.18479943275452
582,583847,55.0653874874115
583,580381,54.98647689819336
584,613070,54.98647689819336
585,638158,54.953426122665405
586,580717,54.82400059700012
587,645710,54.82400059700012
588,638488,54.82400059700012
589,587108,54.82400059700012
590,617634,54.82400059700012
591,601052,54.82400059700012
592,579890,54.82400059700012
593,587890,54.82400059700012
594,588029,54.82400059700012
595,584481,54.77825999259949
596,644225,54.726314544677734
597,639435,54.61564660072327
598,582936,54.61564660072327
599,589544,54.61564660072327
600,603107,54.61564660072327
601,584415,54.61564660072327
602,654519,54.61564660072327
603,655078,54.475682973861694
604,583404,54.43444848060608
605,599550,54.2150616645813
606,642875,54.16417121887207
607,586138,54.16328310966492
608,589010,54.13544178009033
609,603925,54.026585817337036
610,632439,53.86354923248291
611,625427,53.86354923248291
612,627523,53.86354923248291
613,637909,53.86354923248291
614,637289,53.86354923248291
615,601249,53.86354923248291
616,606404,53.86354923248291
617,614213,53.86354923248291
618,606175,53.86354923248291
619,660553,53.54894399642944
620,633770,53.386420011520386
621,653104,53.386420011520386
622,635552,53.27007174491882
623,647649,53.22408080101013
624,646076,53.22408080101013
625,633926,53.21094989776611
626,608443,53.21094989776611
627,644524,53.21094989776611
628,580841,53.21094989776611
629,602710,53.21094989776611
630,615795,53.21094989776611
631,591443,52.682459354400635
632,593946,52.63535976409912
633,605816,52.49956250190735
634,646858,52.49171853065491
635,649039,52.460676431655884
636,605107,52.414703369140625
637,581821,52.37968564033508
638,640614,52.021098136901855
639,583055,51.886385679244995
640,615607,51.67089104652405
641,612657,51.67089104652405
642,589220,51.66813135147095
643,595799,51.66813135147095
644,614103,51.66813135147095
645,596748,51.63601040840149
646,648948,51.63601040840149
647,605230,51.63601040840149
648,593781,51.63601040840149
649,647996,51.63601040840149
650,609897,51.63601040840149
651,623400,51.63601040840149
652,598020,51.63601040840149
653,640222,51.63601040840149
654,619291,51.63601040840149
655,600646,51.627057790756226
656,624080,51.58781409263611
657,638046,51.58781409263611
658,648638,51.58781409263611
659,612542,51.58781409263611
660,637140,51.58781409263611
661,631159,51.58781409263611
662,619183,51.58781409263611
663,579622,51.58781409263611
664,626216,51.58781409263611
665,645517,51.58781409263611
666,647993,51.58781409263611
667,643461,51.58781409263611
668,598010,51.58781409263611
669,621566,51.58781409263611
670,601118,51.58781409263611
671,639022,51.476991176605225
672,619170,51.30209922790527
673,653151,51.280975341796875
674,582172,51.280683279037476
675,631082,50.83516240119934
676,616924,50.47451853752136
677,615452,50.43512582778931
678,650408,50.40056109428406
679,628661,50.40056109428406
680,597516,50.383585691452026
681,641366,50.30876398086548
682,604499,50.30047297477722
683,606618,50.29006600379944
684,625850,50.14090538024902
685,631155,50.14090538024902
686,626872,50.12652277946472
687,602101,49.74585771560669
688,619786,49.70219433307648
689,621337,49.70219433307648
690,603248,49.61840212345123
691,583437,49.57774579524994
692,642140,49.53906238079071
693,643443,49.31293725967407
694,623832,49.003732204437256
695,639359,48.98442327976227
696,597452,48.888593912124634
697,637387,48.888593912124634
698,592374,48.86452257633209
699,636228,48.77430498600006
700,599513,47.81448543071747
701,640869,47.74339497089386
702,592337,47.7281391620636
703,584568,47.4794864654541
704,629746,47.29888141155243
705,597189,47.200194001197815
706,621121,46.94305658340454
707,605793,46.83549404144287
708,626692,46.45691514015198
709,620456,46.19888961315155
710,633871,46.011871099472046
711,645271,46.011871099472046
712,601850,46.011871099472046
713,607144,46.011871099472046
714,631439,45.9453284740448
715,583435,45.94465792179108
716,604906,45.823732018470764
717,585688,45.823732018470764
718,607106,45.823732018470764
719,658188,45.47809660434723
720,607487,45.402610301971436
721,599626,45.36409676074982
722,597919,45.19372880458832
723,627610,45.114538073539734
724,595988,44.69215273857117
725,613193,44.69215273857117
726,592505,44.6211963891983
727,616758,44.57116425037384
728,641459,44.545793533325195
729,590171,44.45134997367859
730,649951,44.45134997367859
731,592590,44.38891410827637
732,652888,43.799224495887756
733,599738,43.44659149646759
734,623455,42.94334948062897
735,653261,42.94334948062897
736,586296,42.94334948062897
737,617676,42.706483602523804
738,655227,42.705848813056946
739,612006,42.696696519851685
740,584681,42.696696519851685
741,655379,42.696696519851685
742,624199,42.24357306957245
743,581751,42.20946729183197
744,606606,42.174315452575684
745,643583,41.997987031936646
746,593260,41.89829230308533
747,606153,41.89829230308533
748,624732,41.89829230308533
749,649892,41.78961217403412
750,639384,41.63494408130646
751,591037,41.550758481025696
752,588111,41.51294827461243
753,584110,41.476067900657654
754,642941,41.286495327949524
755,616173,40.94929099082947
756,587249,40.36053717136383
757,626291,40.36053717136383
758,584496,40.36053717136383
759,642248,40.16537368297577
760,579870,40.16537368297577
761,594796,40.16537368297577
762,592015,40.16537368297577
763,627384,40.16537368297577
764,607362,40.16537368297577
765,606860,40.127503871917725
766,638321,40.00823497772217
767,617063,39.899253845214844
768,657186,39.64782357215881
769,606192,39.59663510322571
770,581627,39.42198157310486
771,595948,39.40914273262024
772,608851,39.40914273262024
773,585140,39.40914273262024
774,642510,39.40914273262024
775,627490,39.40914273262024
776,621368,39.259687066078186
777,611257,39.242351055145264
778,617817,38.98816704750061
779,621116,38.98816704750061
780,610385,38.98816704750061
781,608081,38.98816704750061
782,582896,38.98816704750061
783,632105,38.98816704750061
784,627657,38.98816704750061
785,603334,38.98816704750061
786,652531,38.98816704750061
787,585382,38.98816704750061
788,594003,38.98816704750061
789,586658,38.98816704750061
790,603088,38.98816704750061
791,588860,38.98816704750061
792,605248,38.98816704750061
793,590549,38.98816704750061
794,632772,38.98816704750061
795,658264,38.98816704750061
796,639506,38.98816704750061
797,590526,38.98816704750061
798,613188,38.98816704750061
799,586259,38.98816704750061
800,615707,38.98816704750061
801,640806,38.98816704750061
802,587309,38.98816704750061
803,612946,38.98816704750061
804,631400,38.98816704750061
805,583141,38.785362243652344
806,590739,38.528063893318176
807,648130,38.472557067871094
808,615320,38.32150399684906
809,652174,38.31460177898407
810,585405,37.53058314323425
811,628405,37.3121052980423
812,600139,36.97068393230438
813,629776,36.87509000301361
814,625835,36.80122196674347
815,645131,36.80122196674347
816,660562,36.57441735267639
817,632721,36.07014715671539
818,607470,35.92560887336731
819,652806,35.663849115371704
820,610976,35.663849115371704
821,590918,35.663849115371704
822,655492,35.663849115371704
823,596580,35.663849115371704
824,596530,35.663849115371704
825,628524,35.663849115371704
826,608348,35.663849115371704
827,627315,35.663849115371704
828,660267,35.663849115371704
829,590119,35.663849115371704
830,646285,35.663849115371704
831,660509,35.663849115371704
832,609397,35.663849115371704
833,605073,35.663849115371704
834,640384,35.389649868011475
835,628413,35.35575270652771
836,592711,34.794723987579346
837,603462,34.78041589260101
838,612968,34.44736301898956
839,621319,34.44736301898956
840,654822,34.44736301898956
841,598209,34.17980670928955
842,589287,33.820438385009766
843,594161,33.578550815582275
844,639296,33.578550815582275
845,636766,33.463507890701294
846,626475,33.3892285823822
847,625137,33.3892285823822
848,609244,33.20246636867523
849,653580,32.827556133270264
850,635041,32.827556133270264
851,605271,32.827556133270264
852,642456,32.827556133270264
853,606951,32.827556133270264
854,609043,32.49518871307373
855,656729,31.979668140411377
856,645330,31.573349237442017
857,635686,31.573349237442017
858,606497,31.573349237442017
859,599857,31.329572200775146
860,630589,30.92876374721527
861,641663,30.644431710243225
862,630728,30.616849660873413
863,649493,30.026784539222717
864,580763,30.026784539222717
865,599571,30.026784539222717
866,645843,29.922044277191162
867,610485,29.576405882835388
868,603303,29.377591609954834
869,594456,29.33814823627472
870,593953,29.027995467185974
871,598199,28.10802459716797
872,632224,28.10802459716797
873,639249,27.938538789749146
874,603589,27.757638692855835
875,599079,27.41553485393524
876,642543,27.41498351097107
877,632629,27.341005206108093
878,613398,27.341005206108093
879,648670,26.975378394126892
880,608250,26.648136973381042
881,621344,26.500821113586426
882,595607,26.500821113586426
883,629531,26.500821113586426
884,638023,26.500821113586426
885,603178,26.500821113586426
886,595576,26.500821113586426
887,615453,26.500821113586426
888,630552,26.500821113586426
889,635754,26.500821113586426
890,627248,26.500821113586426
891,628615,26.500821113586426
892,592317,26.500821113586426
893,642986,26.500821113586426
894,595520,26.500821113586426
895,584935,26.500821113586426
896,629925,26.500821113586426
897,597276,26.500821113586426
898,648361,26.500821113586426
899,656896,26.500821113586426
900,645148,26.500821113586426
901,619366,26.500821113586426
902,631053,26.500821113586426
903,586106,26.500821113586426
904,639181,26.500821113586426
905,636647,26.500821113586426
906,644343,26.500821113586426
907,622366,26.500821113586426
908,589512,26.500821113586426
909,615239,26.500821113586426
910,585642,26.500821113586426
911,642028,26.500821113586426
912,604266,26.500821113586426
913,583515,26.500821113586426
914,601636,26.500821113586426
915,602769,26.500821113586426
916,606185,26.500821113586426
917,603809,26.500821113586426
918,628444,26.500821113586426
919,637070,26.500821113586426
920,605442,26.500821113586426
921,586167,26.500821113586426
922,600560,26.500821113586426
923,615353,26.500821113586426
924,594049,26.500821113586426
925,605141,26.500821113586426
926,582498,26.500821113586426
927,643545,26.500821113586426
928,594584,26.500821113586426
929,596635,26.500821113586426
930,619228,26.500821113586426
931,637705,26.500821113586426
932,660461,26.500821113586426
933,647947,26.500821113586426
934,613565,26.500821113586426
935,657316,26.500821113586426
936,648314,26.500821113586426
937,592353,26.500821113586426
938,604604,26.500821113586426
939,600843,26.500821113586426
940,630597,26.500821113586426
941,589656,26.500821113586426
942,639342,26.500821113586426
943,581952,26.500821113586426
944,604992,26.500821113586426
945,622730,26.500821113586426
946,584292,26.500821113586426
947,594393,26.500821113586426
948,614557,26.500821113586426
949,617400,26.500821113586426
950,602740,26.500821113586426
951,601640,26.500821113586426
952,585761,26.500821113586426
953,645241,26.500821113586426
954,639104,26.500821113586426
955,628340,26.500821113586426
956,591606,26.500821113586426
957,592340,26.500821113586426
958,631676,26.500821113586426
959,655160,26.500821113586426
960,636453,26.500821113586426
961,591333,26.500821113586426
962,645515,26.500821113586426
963,616456,26.500821113586426
964,637936,26.500821113586426
965,581574,26.500821113586426
966,588391,26.500821113586426
967,629651,26.500821113586426
968,582889,26.500821113586426
969,660339,26.500821113586426
970,628304,26.500821113586426
971,660087,26.500821113586426
972,601158,26.500821113586426
973,599196,26.500821113586426
974,647894,26.500821113586426
975,649262,26.500821113586426
976,618571,26.500821113586426
977,619446,26.500821113586426
978,590690,26.500821113586426
979,620216,26.500821113586426
980,637107,26.500821113586426
981,655140,26.500821113586426
982,598068,26.500821113586426
983,609362,26.500821113586426
984,595137,26.500821113586426
985,582361,26.500821113586426
986,588310,26.500821113586426
987,615265,26.500821113586426
988,659469,26.500821113586426
989,617419,26.500821113586426
990,582943,26.500821113586426
991,585646,26.500821113586426
992,631653,26.500821113586426
993,602919,26.500821113586426
994,647539,26.500821113586426
995,583735,26.500821113586426
996,596478,26.500821113586426
997,588212,26.500821113586426
998,602037,26.500821113586426
999,593368,26.500821113586426
1000,657887,26.500821113586426
1001,659050,26.500821113586426
1002,631488,26.500821113586426
1003,639019,26.500821113586426
1004,658597,26.500821113586426
1005,582424,26.500821113586426
1006,641858,26.500821113586426
1007,652594,26.500821113586426
1008,639044,26.500821113586426
1009,590031,26.500821113586426
1010,636002,26.45154893398285
1011,598819,26.095476746559143
1012,601799,25.775301456451416
1013,594343,25.48009157180786
1014,579906,24.81047213077545
1015,627081,24.73803460597992
1016,649130,24.592119455337524
1017,586158,24.545496702194214
1018,612971,24.52528178691864
1019,606905,24.32488054037094
1020,614964,24.26767796278
1021,644665,24.234703183174133
1022,594696,24.199797213077545
1023,608077,24.11278933286667
1024,614799,23.983463644981384
1025,628577,23.983463644981384
1026,654572,23.814336955547333
1027,627365,23.755115270614624
1028,641056,23.687253892421722
1029,660534,23.09652268886566
1030,642384,23.068812489509583
1031,610615,22.92586714029312
1032,622495,22.906900942325592
1033,621198,22.88144826889038
1034,580264,22.684450447559357
1035,617000,22.684450447559357
1036,627761,22.580109536647797
1037,591760,22.34993427991867
1038,592648,22.297602891921997
1039,591315,22.250789403915405
1040,589351,22.187353670597076
1041,609838,22.1699520945549
1042,616237,21.947379410266876
1043,635486,21.858912706375122
1044,658756,21.84971272945404
1045,594222,21.84971272945404
1046,582686,21.84971272945404
1047,647912,21.84971272945404
1048,613533,21.84971272945404
1049,636443,21.84971272945404
1050,648466,21.828453242778778
1051,615804,21.6531440615654
1052,646337,21.556100249290466
1053,646266,21.41876071691513
1054,592136,21.354404091835022
1055,580536,21.247127652168274
1056,653048,20.970815420150757
1057,639150,20.835837721824646
1058,598916,20.835837721824646
1059,644723,20.835837721824646
1060,580143,20.835837721824646
1061,635475,20.830138027668
1062,601139,20.80814242362976
1063,591132,20.80814242362976
1064,613918,20.80814242362976
1065,603364,20.80814242362976
1066,581051,20.448361337184906
1067,586483,20.38879543542862
1068,641684,20.288005471229553
1069,592783,20.24850994348526
1070,622608,20.118553936481476
1071,647775,20.035463571548462
1072,590095,20.035463571548462
1073,588279,20.035463571548462
1074,601257,20.035463571548462
1075,593203,20.035463571548462
1076,580158,20.035463571548462
1077,592040,20.035463571548462
1078,600858,20.035463571548462
1079,600406,20.035463571548462
1080,600213,20.035463571548462
1081,623966,20.035463571548462
1082,642182,20.035463571548462
1083,582018,20.035463571548462
1084,639594,20.035463571548462
1085,616183,20.035463571548462
1086,607036,20.027393102645874
1087,603864,19.979695975780487
1088,601100,19.97121125459671
1089,653525,19.67053860425949
1090,625767,19.36337649822235
1091,647978,19.300293922424316
1092,632387,19.300293922424316
1093,628020,19.300293922424316
1094,581606,19.300293922424316
1095,582002,19.300293922424316
1096,589594,19.300293922424316
1097,632216,19.300293922424316
1098,586496,19.12936270236969
1099,634125,19.103839993476868
1100,585399,18.926674127578735
1101,628357,18.926674127578735
1102,621499,18.91626864671707
1103,606982,18.844622373580933
1104,642088,18.759945034980774
1105,593208,18.72638165950775
1106,655772,18.376539647579193
1107,588317,18.29608529806137
1108,647995,18.123672902584076
1109,656399,18.087176978588104
1110,630287,17.916180193424225
1111,614343,17.85384714603424
1112,633061,17.51299500465393
1113,607542,17.329151928424835
1114,591522,17.181910574436188
1115,627085,17.181910574436188
1116,620624,17.181910574436188
1117,584603,16.717293858528137
1118,598175,16.525839269161224
1119,595003,16.10865443944931
1120,648983,16.069133579730988
1121,658017,16.025806963443756
1122,586930,15.62374085187912
1123,629789,15.62374085187912
1124,622914,15.552768111228943
1125,589846,14.95082676410675
1126,589233,14.852257072925568
1127,651923,14.467611908912659
1128,583924,14.445815980434418
1129,605077,14.240385591983795
1130,631641,14.240385591983795
1131,616185,14.17931318283081
1132,582144,13.888786733150482
1133,643986,13.321316242218018
1134,623198,12.750065326690674
1135,611118,12.682317197322845
1136,659371,12.590724229812622
1137,613858,12.590724229812622
1138,601408,12.590719759464264
1139,621252,12.356148660182953
1140,613423,12.350526452064514
1141,659480,12.350526452064514
1142,657033,12.350526452064514
1143,639774,12.350526452064514
1144,604307,12.350526452064514
1145,653992,12.349507957696915
1146,585963,12.349507957696915
1147,586843,12.258774787187576
1148,582647,12.258774787187576
1149,597265,12.258774787187576
1150,605884,12.255827337503433
1151,656887,12.031717598438263
1152,581820,11.936549842357635
1153,636874,11.936549842357635
1154,642032,11.936549842357635
1155,622641,11.936549842357635
1156,634758,11.936549842357635
1157,655405,11.830499768257141
1158,621601,11.652091145515442
1159,648993,11.630411446094513
1160,611752,11.537016183137894
1161,660624,11.533955484628677
1162,659507,11.1471988260746
1163,608330,11.041055619716644
1164,599990,11.041055619716644
1165,632202,11.009514331817627
1166,602831,11.009514331817627
1167,633341,11.009514331817627
1168,660374,11.009514331817627
1169,583080,10.947953909635544
1170,586345,10.94721257686615
1171,592439,10.905709117650986
1172,600950,10.84861233830452
1173,654786,10.75231060385704
1174,590239,10.655277222394943
1175,616521,10.655277222394943
1176,619626,10.655277222394943
1177,592446,10.655277222394943
1178,629511,10.655277222394943
1179,617235,10.497379302978516
1180,638316,10.479912906885147
1181,582737,10.479912906885147
1182,601868,10.479912906885147
1183,607626,10.479912906885147
1184,637847,10.479912906885147
1185,623851,10.479912906885147
1186,632244,10.479912906885147
1187,640278,10.479912906885147
1188,598930,10.479912906885147
1189,596989,10.478869080543518
1190,584840,10.45076847076416
1191,645335,10.45076847076416
1192,590929,10.340921580791473
1193,654190,10.248766839504242
1194,609429,10.199011862277985
1195,599501,10.199011862277985
1196,633759,10.199011862277985
1197,649079,10.199011862277985
1198,627462,10.199011862277985
1199,587458,10.182657092809677
1200,600689,10.175961256027222
1201,613149,10.175961256027222
1202,602561,10.072797536849976
1203,657318,10.066810250282288
1204,612748,10.00228077173233
1205,601282,10.00228077173233
1206,582469,9.924338012933731
1207,610866,9.888126701116562
1208,654040,9.864742308855057
1209,642640,9.775877743959427
1210,654183,9.758500009775162
1211,614625,9.758500009775162
1212,588546,9.758500009775162
1213,579822,9.758500009775162
1214,600705,9.758500009775162
1215,601915,9.758500009775162
1216,634607,9.758500009775162
1217,633914,9.646327048540115
1218,621812,9.579398483037949
1219,645946,9.510806947946548
1220,611662,9.510806947946548
1221,617721,9.474743157625198
1222,629768,9.417854994535446
1223,586673,9.412972629070282
1224,605123,9.412972629070282
1225,613750,9.412972629070282
1226,592888,9.412972629070282
1227,637039,9.412972629070282
1228,605805,9.412972629070282
1229,612160,9.412972629070282
1230,623975,9.412972629070282
1231,624415,9.384097903966904
1232,617791,9.384097903966904
1233,630962,9.37068909406662
1234,610398,9.304221719503403
1235,587781,9.290601313114166
1236,628048,9.25489291548729
1237,624815,9.242521971464157
1238,587247,9.242521971464157
1239,606276,9.191936254501343
1240,588369,9.191936254501343
1241,615013,9.191936254501343
1242,617867,9.191936254501343
1243,622172,9.191936254501343
1244,594961,9.191936254501343
1245,632263,9.191936254501343
1246,584000,9.191936254501343
1247,595776,9.191936254501343
1248,608635,9.15774405002594
1249,602170,9.15774405002594
1250,579869,9.15774405002594
1251,597769,9.15774405002594
1252,593090,9.15774405002594
1253,591603,9.15774405002594
1254,581561,9.15774405002594
1255,593680,9.15774405002594
1256,614535,9.15774405002594
1257,585995,9.15774405002594
1258,583118,9.15774405002594
1259,608492,9.15774405002594
1260,652701,9.15774405002594
1261,609041,9.15774405002594
1262,595840,9.15774405002594
1263,642049,9.15774405002594
1264,622227,9.15774405002594
1265,654314,9.15774405002594
1266,622545,9.15774405002594
1267,643899,9.15774405002594
1268,647977,9.15774405002594
1269,587907,9.15774405002594
1270,617842,9.15774405002594
1271,601815,9.15774405002594
1272,630403,9.15774405002594
1273,581356,9.15774405002594
1274,582419,9.132321178913116
1275,585266,9.02172178030014
1276,635638,8.99375006556511
1277,592690,8.991455286741257
1278,628949,8.991455286741257
1279,633939,8.991455286741257
1280,592100,8.991455286741257
1281,633175,8.991455286741257
1282,615679,8.991455286741257
1283,653656,8.884011209011078
1284,610651,8.732142299413681
1285,651611,8.732142299413681
1286,638770,8.732142299413681
1287,644036,8.732142299413681
1288,597187,8.732142299413681
1289,597096,8.644335716962814
1290,651680,8.64403247833252
1291,614096,8.64403247833252
1292,642394,8.608242869377136
1293,651251,8.573061972856522
1294,610671,8.534063398838043
1295,631496,8.534063398838043
1296,609024,8.534063398838043
1297,605693,8.534063398838043
1298,605163,8.52753296494484
1299,582125,8.518484234809875
1300,628940,8.51106122136116
1301,629884,8.457686007022858
1302,623727,8.425875008106232
1303,593071,8.425875008106232
1304,643127,8.425875008106232
1305,621280,8.425875008106232
1306,620608,8.425875008106232
1307,600019,8.425875008106232
1308,639134,8.425875008106232
1309,642724,8.425875008106232
1310,609500,8.425875008106232
1311,631027,8.425875008106232
1312,605262,8.425875008106232
1313,656072,8.425875008106232
1314,654099,8.425875008106232
1315,598210,8.425875008106232
1316,608001,8.425875008106232
1317,628534,8.425875008106232
1318,609858,8.425875008106232
1319,597890,8.425875008106232
1320,634019,8.425875008106232
1321,606530,8.425875008106232
1322,607690,8.425875008106232
1323,654170,8.425875008106232
1324,620517,8.425875008106232
1325,660402,8.425875008106232
1326,593977,8.425875008106232
1327,640957,8.425875008106232
1328,657655,8.425875008106232
1329,628769,8.425875008106232
1330,657879,8.425875008106232
1331,651501,8.425875008106232
1332,591597,8.425875008106232
1333,609435,8.425875008106232
1334,658405,8.425875008106232
1335,654908,8.425875008106232
1336,630200,8.425875008106232
1337,644137,8.425875008106232
1338,646873,8.425875008106232
1339,610490,8.425875008106232
1340,608606,8.425875008106232
1341,655450,8.425875008106232
1342,587894,8.408013731241226
1343,647279,8.322227746248245
1344,607689,8.322227746248245
1345,609098,8.3086296916008
1346,625985,8.3046093583107
1347,601849,8.263161033391953
1348,620996,8.263161033391953
1349,586175,8.263161033391953
1350,622142,8.263161033391953
1351,613346,8.263161033391953
1352,612954,8.263161033391953
1353,615950,8.263161033391953
1354,621733,8.263161033391953
1355,588097,8.263161033391953
1356,621183,8.148150891065598
1357,586678,8.148150891065598
1358,593025,8.136037737131119
1359,627100,8.135469257831573
1360,585939,8.119188994169235
1361,602358,8.093931525945663
1362,600045,8.093931525945663
1363,581254,8.093931525945663
1364,585501,8.084474503993988
1365,636899,7.975565642118454
1366,646577,7.877667993307114
1367,598303,7.877667993307114
1368,658220,7.877667993307114
1369,649409,7.872822880744934
1370,601975,7.847731560468674
1371,634592,7.847731560468674
1372,589699,7.847731560468674
1373,623770,7.847731560468674
1374,586401,7.847731560468674
1375,596128,7.847731560468674
1376,606311,7.847731560468674
1377,588037,7.824113219976425
1378,653581,7.824113219976425
1379,611790,7.81446099281311
1380,614189,7.750594615936279
1381,595619,7.750594615936279
1382,588069,7.727638632059097
1383,658063,7.715670019388199
1384,599959,7.688005268573761
1385,608325,7.670968770980835
1386,618782,7.668067514896393
1387,611211,7.668067514896393
1388,619402,7.661391049623489
1389,643227,7.588329166173935
1390,636146,7.580838352441788
1391,593710,7.580838352441788
1392,658278,7.580838352441788
1393,595690,7.575603574514389
1394,617566,7.551628351211548
1395,607173,7.5230807065963745
1396,616514,7.5230807065963745
1397,603607,7.5230807065963745
1398,583640,7.512301206588745
1399,623206,7.456658780574799
1400,593058,7.456658780574799
1401,646068,7.455217093229294
1402,635849,7.334385067224503
1403,644414,7.3082104325294495
1404,595209,7.277869433164597
1405,656859,7.277869433164597
1406,619523,7.250228524208069
1407,622296,7.250228524208069
1408,606961,7.250228524208069
1409,624273,7.250228524208069
1410,604363,7.250228524208069
1411,591393,7.250228524208069
1412,623118,7.250228524208069
1413,594849,7.103245705366135
1414,631352,7.084466516971588
1415,646849,7.05588161945343
1416,659555,7.045727968215942
1417,608212,7.0021457970142365
1418,630808,6.996250152587891
1419,632055,6.9722577929496765
1420,596601,6.959890574216843
1421,594646,6.880629062652588
1422,608290,6.880629062652588
1423,598510,6.865373253822327
1424,584821,6.854385137557983
1425,636092,6.854385137557983
1426,649332,6.854385137557983
1427,633070,6.807426363229752
1428,597538,6.78517147898674
1429,619285,6.746809184551239
1430,631565,6.675926595926285
1431,656685,6.659629195928574
1432,585409,6.659629195928574
1433,587887,6.659629195928574
1434,625394,6.659629195928574
1435,624189,6.659629195928574
1436,605118,6.659629195928574
1437,601887,6.659629195928574
1438,581802,6.659629195928574
1439,591109,6.659629195928574
1440,647082,6.659629195928574
1441,654441,6.659629195928574
1442,613102,6.659629195928574
1443,627445,6.659629195928574
1444,603737,6.659629195928574
1445,588715,6.5948620438575745
1446,637414,6.580010801553726
1447,608009,6.566473841667175
1448,589850,6.546670198440552
1449,652768,6.546670198440552
1450,658623,6.546670198440552
1451,648086,6.540440768003464
1452,592307,6.501112133264542
1453,627900,6.396172195672989
1454,656698,6.375721842050552
1455,655075,6.375721842050552
1456,626562,6.375721842050552
1457,643343,6.375721842050552
1458,643065,6.375721842050552
1459,626799,6.375721842050552
1460,610441,6.375721842050552
1461,620807,6.375721842050552
1462,659705,6.375721842050552
1463,586293,6.375721842050552
1464,643945,6.375721842050552
1465,640453,6.345929205417633
1466,590357,6.339806318283081
1467,651702,6.3369885087013245
1468,593309,6.293842941522598
1469,642205,6.293842941522598
1470,627186,6.293842941522598
1471,644640,6.2011417001485825
1472,606393,6.194479018449783
1473,629664,6.194479018449783
1474,643320,6.1828166246414185
1475,584301,6.127168983221054
1476,592773,6.097979471087456
1477,643848,6.072453781962395
1478,594617,6.0096681118011475
1479,588753,6.0096681118011475
1480,636797,6.0096681118011475
1481,597301,6.0096681118011475
1482,585023,6.004752218723297
1483,630835,6.004752218723297
1484,627299,6.004752218723297
1485,592372,6.004752218723297
1486,608114,6.004752218723297
1487,643701,6.004752218723297
1488,591536,6.004752218723297
1489,653109,6.004752218723297
1490,592880,6.004752218723297
1491,601564,6.004752218723297
1492,592851,5.9624891728162766
1493,595906,5.870739743113518
1494,587928,5.868813022971153
1495,608488,5.835019052028656
1496,588132,5.825857073068619
1497,616733,5.803654715418816
1498,631489,5.771159380674362
1499,630385,5.771159380674362
1500,616002,5.7275693863630295
1501,587293,5.6593433022499084
1502,608581,5.6593433022499084
1503,647990,5.6593433022499084
1504,588569,5.6593433022499084
1505,580101,5.6593433022499084
1506,631018,5.622507259249687
1507,602406,5.5871982127428055
1508,617610,5.5871982127428055
1509,587699,5.581630393862724
1510,631708,5.536212399601936
1511,658686,5.4238758981227875
1512,594568,5.398376286029816
1513,591219,5.388189107179642
1514,660236,5.316347628831863
1515,600587,5.304764211177826
1516,588065,5.287787690758705
1517,609068,5.287787690758705
1518,602118,5.238554626703262
1519,580745,5.195526406168938
1520,603833,5.190498009324074
1521,630003,5.190498009324074
1522,597417,5.099176988005638
1523,610971,5.076991021633148
1524,617962,4.892386496067047
1525,582872,4.866177961230278
1526,630846,4.866177961230278
1527,641546,4.813769087195396
1528,619000,4.751236364245415
1529,583627,4.719867184758186
1530,631670,4.719867184758186
1531,605487,4.632684960961342
1532,608721,4.632242396473885
1533,654894,4.594051465392113
1534,600441,4.594051465392113
1535,600105,4.577669873833656
1536,593555,4.577455297112465
1537,619022,4.519342631101608
1538,659875,4.4555384665727615
1539,608100,4.4555384665727615
1540,630422,4.4555384665727615
1541,656665,4.4555384665727615
1542,581400,4.31160144507885
1543,594521,4.287080839276314
1544,626161,4.287080839276314
1545,592786,4.284191131591797
1546,602540,4.263783618807793
1547,597563,4.250600561499596
1548,631408,4.242667183279991
1549,594251,4.23763208091259
1550,609161,4.121584445238113
1551,617991,4.0722958743572235
1552,655349,4.017864167690277
1553,605363,3.9719749242067337
1554,609385,3.8937360048294067
1555,643524,3.8812723010778427
1556,610025,3.8653716444969177
1557,611589,3.8022350519895554
1558,604114,3.731314092874527
1559,618414,3.7095561623573303
1560,651281,3.6757055670022964
1561,636033,3.661380335688591
1562,657010,3.6336805671453476
1563,602484,3.6336805671453476
1564,623332,3.6336805671453476
1565,617929,3.6336805671453476
1566,614067,3.6336805671453476
1567,602090,3.6336805671453476
1568,603354,3.6336805671453476
1569,598899,3.6336805671453476
1570,584788,3.6336805671453476
1571,630423,3.6336805671453476
1572,583981,3.6336805671453476
1573,598058,3.6336805671453476
1574,641468,3.6336805671453476
1575,648605,3.6336805671453476
1576,642452,3.6336805671453476
1577,584027,3.6336805671453476
1578,646574,3.6335036158561707
1579,626724,3.6219723522663116
1580,599932,3.6120209842920303
1581,606187,3.610541671514511
1582,591442,3.610541671514511
1583,616460,3.5546906292438507
1584,607101,3.5035859793424606
1585,623730,3.4942742437124252
1586,609686,3.4209270030260086
1587,587944,3.393688425421715
1588,623687,3.3888038247823715
1589,630852,3.3706922084093094
1590,659784,3.359995409846306
1591,611536,3.3318713307380676
1592,614087,3.324156254529953
1593,606548,3.268541768193245
1594,634799,3.268541768193245
1595,628130,3.2672207802534103
1596,636799,3.2548606395721436
1597,592929,3.221176192164421
1598,582634,3.1925082206726074
1599,633915,3.1850416213274
1600,600258,3.185020014643669
1601,630079,3.0929146334528923
1602,644257,3.0929146334528923
1603,601324,3.086071088910103
1604,627793,3.086071088910103
1605,659293,3.086071088910103
1606,582334,3.086071088910103
1607,609847,3.086071088910103
1608,643072,3.086071088910103
1609,613046,3.086071088910103
1610,589866,3.086071088910103
1611,636261,3.086071088910103
1612,646917,3.086071088910103
1613,625499,3.086071088910103
1614,617712,3.0732955783605576
1615,608753,3.0403733253479004
1616,582721,3.010302409529686
1617,594641,2.996264584362507
1618,625058,2.962632477283478
1619,655520,2.9540767893195152
1620,580323,2.940891683101654
1621,586359,2.924889139831066
1622,581014,2.9229113832116127
1623,583476,2.9100239276885986
1624,614924,2.8628651052713394
1625,658648,2.8594765812158585
1626,659170,2.8262909501791
1627,611355,2.802690304815769
1628,620783,2.795366942882538
1629,645512,2.7793675661087036
1630,632239,2.7548864483833313
1631,660737,2.7548864483833313
1632,613769,2.7548864483833313
1633,659644,2.7548864483833313
1634,593824,2.7548864483833313
1635,585585,2.7548864483833313
1636,603600,2.7548864483833313
1637,640108,2.714754268527031
1638,589453,2.7014050632715225
1639,592589,2.615758590400219
1640,637929,2.615758590400219
1641,584076,2.5871746242046356
1642,626526,2.5731131434440613
1643,609141,2.5577595457434654
1644,634484,2.514943480491638
1645,608709,2.4759087711572647
1646,639302,2.469906769692898
1647,639458,2.4618325755000114
1648,603943,2.441563829779625
1649,656120,2.4277079850435257
1650,615278,2.414528839290142
1651,592113,2.4042563512921333
1652,601434,2.3932695388793945
1653,649223,2.3699304088950157
1654,658917,2.341677062213421
1655,645200,2.340359054505825
1656,656381,2.3108061403036118
1657,586641,2.306204102933407
1658,638121,2.284916862845421
1659,585811,2.274828217923641
1660,628344,2.274828217923641
1661,619437,2.274828217923641
1662,590686,2.214883267879486
1663,653091,2.214726433157921
1664,609268,2.163064479827881
1665,655079,2.1620143204927444
1666,648813,2.1549616008996964
1667,603772,2.1539967507123947
1668,641324,2.150101773440838
1669,626258,2.1338360384106636
1670,604456,2.1189844235777855
1671,644295,2.114972472190857
1672,594404,2.0837532356381416
1673,591323,2.079547755420208
1674,606790,2.0660938695073128
1675,605331,2.0518960431218147
1676,635864,1.980769820511341
1677,653559,1.9547151401638985
1678,580373,1.9428212195634842
1679,607845,1.9346976652741432
1680,603657,1.904490776360035
1681,633114,1.8815990537405014
1682,584198,1.8803583458065987
1683,584357,1.8694447353482246
1684,650102,1.8499583005905151
1685,627687,1.8267728388309479
1686,634060,1.8200233578681946
1687,603286,1.8200233578681946
1688,637416,1.816815696656704
1689,640081,1.7697114497423172
1690,642177,1.7697114497423172
1691,595450,1.7294332385063171
1692,652958,1.7294332385063171
1693,619952,1.7049320042133331
1694,596007,1.693212054669857
1695,581371,1.6420798376202583
1696,592406,1.6411935910582542
1697,618999,1.6341108828783035
1698,652104,1.5790978446602821
1699,627656,1.5702366828918457
1700,630783,1.558991800993681
1701,620627,1.5477308072149754
1702,605134,1.5477308072149754
1703,657803,1.5477308072149754
1704,592736,1.5280789695680141
1705,580808,1.4970174059271812
1706,628220,1.4907372184097767
1707,633527,1.480056531727314
1708,586108,1.4400848187506199
1709,633307,1.4372004196047783
1710,592796,1.4372004196047783
1711,581414,1.4357826672494411
1712,622322,1.4305703341960907
1713,646799,1.4216864481568336
1714,628726,1.3977025635540485
1715,614036,1.3741874136030674
1716,642052,1.3741874136030674
1717,593570,1.352170668542385
1718,587260,1.3391746208071709
1719,584379,1.3391746208071709
1720,636679,1.3391746208071709
1721,610562,1.3391746208071709
1722,608277,1.3391746208071709
1723,579784,1.3358408585190773
1724,614615,1.2972150929272175
1725,616706,1.2957293540239334
1726,585325,1.2957293540239334
1727,588564,1.2913201935589314
1728,609437,1.2884612195193768
1729,606418,1.2884612195193768
1730,614723,1.2884612195193768
1731,628706,1.2884612195193768
1732,623398,1.2884612195193768
1733,591788,1.2884612195193768
1734,586850,1.2884612195193768
1735,645355,1.2884612195193768
1736,621676,1.2884612195193768
1737,611048,1.2884612195193768
1738,628158,1.2884612195193768
1739,637172,1.2884612195193768
1740,649082,1.2884612195193768
1741,654115,1.2884612195193768
1742,590061,1.2884612195193768
1743,589146,1.2884612195193768
1744,657703,1.2884612195193768
1745,639311,1.2884612195193768
1746,602504,1.2884612195193768
1747,587710,1.2884612195193768
1748,639504,1.2884612195193768
1749,583505,1.2884612195193768
1750,590559,1.2884612195193768
1751,592928,1.2884612195193768
1752,607765,1.2884612195193768
1753,586349,1.2884612195193768
1754,637436,1.2884612195193768
1755,655128,1.2884612195193768
1756,627485,1.2884612195193768
1757,657500,1.2884612195193768
1758,645735,1.2884612195193768
1759,612027,1.2884612195193768
1760,622371,1.2884612195193768
1761,627354,1.2884612195193768
1762,617545,1.2884612195193768
1763,587953,1.2884612195193768
1764,634595,1.2884612195193768
1765,582700,1.2884612195193768
1766,592725,1.2884612195193768
1767,581807,1.2884612195193768
1768,611277,1.2823917903006077
1769,634018,1.2772818095982075
1770,659411,1.2729533016681671
1771,653523,1.2697051279246807
1772,626300,1.2697051279246807
1773,634783,1.2697051279246807
1774,649470,1.2697051279246807
1775,585819,1.2697051279246807
1776,636885,1.2697051279246807
1777,647630,1.2503811158239841
1778,645725,1.2377004139125347
1779,621922,1.2369044125080109
1780,652727,1.2193633243441582
1781,587586,1.209268718957901
1782,614665,1.183398999273777
1783,583761,1.1769936420023441
1784,591462,1.1387774720788002
1785,596593,1.1287658475339413
1786,589157,1.1266391724348068
1787,612745,1.1251173913478851
1788,600261,1.108596846461296
1789,585830,1.0750106535851955
1790,600597,1.0475030168890953
1791,601026,1.0455983690917492
1792,589001,1.043835561722517
1793,601478,1.0432579554617405
1794,639507,1.0432579554617405
1795,619533,1.0432579554617405
1796,639147,1.0432579554617405
1797,653415,1.0432579554617405
1798,655241,1.0432579554617405
1799,594743,1.0432579554617405
1800,602826,1.0432579554617405
1801,649691,1.0432579554617405
1802,646544,1.0344917885959148
1803,659710,1.0270148515701294
1804,631766,1.0226555168628693
1805,600612,1.015282329171896
1806,607929,1.015282329171896
1807,600814,1.015282329171896
1808,613814,1.0093273594975471
1809,592500,1.0074957273900509
1810,595294,1.0010644793510437
1811,588165,0.9893713518977165
1812,584347,0.9823235683143139
1813,643282,0.9663291275501251
1814,608901,0.953079666942358
1815,643832,0.953079666942358
1816,600391,0.953079666942358
1817,655557,0.953079666942358
1818,636991,0.953079666942358
1819,627173,0.953079666942358
1820,622357,0.953079666942358
1821,609219,0.8913523517549038
1822,594942,0.8827410638332367
1823,600329,0.8827410638332367
1824,608436,0.8394159376621246
1825,637625,0.8295782841742039
1826,613818,0.8121708407998085
1827,642855,0.8119833655655384
1828,621976,0.8115173317492008
1829,600337,0.8099018596112728
1830,620260,0.8099018596112728
1831,632997,0.7692028768360615
1832,643637,0.7692028768360615
1833,589422,0.7296168245375156
1834,582295,0.7143212016671896
1835,659833,0.6636559031903744
1836,583649,0.6636559031903744
1837,584703,0.6636559031903744
1838,660149,0.6636559031903744
1839,620147,0.6636559031903744
1840,648992,0.6636559031903744
1841,631995,0.6636559031903744
1842,605332,0.6280874833464622
1843,592785,0.6275421939790249
1844,630603,0.6026546005159616
1845,654192,0.5692766513675451
1846,619497,0.5478076636791229
1847,593049,0.4495905712246895
